Time [sec],Acceleration [cm/sec2]
0,0
0.01,0.00485
0.02,0.00968
0.03,0.00963
0.04,0.00957
0.05,0.00949
0.06,0.00941
0.07,0.00931
0.08,0.00921
0.09,0.00909
0.1,0.00896
0.11,0.00882
0.12,0.00867
0.13,0.00851
0.14,0.00834
0.15,0.00816
0.16,0.00798
0.17,0.00778
0.18,0.00758
0.19,0.00736
0.2,0.00713
0.21,0.00691
0.22,0.00668
0.23,0.00644
0.24,0.00618
0.25,0.00592
0.26,0.00566
0.27,0.00539
0.28,0.00519
0.29,0.00485
0.3,0.00438
0.31,0.00436
0.32,0.00409
0.33,0.00348
0.34,0.00341
0.35,0.00303
0.36,0.00267
0.37,0.0026
0.38,0.002
0.39,0.00179
0.4,0.00152
0.41,0.00102
0.42,0.00093
0.43,0.00061
0.44,0.00023
0.45,-0.00072
0.46,-0.00073
0.47,-0.00015
0.48,-0.00164
0.49,-0.00178
0.5,-0.00106
0.51,-0.00208
0.52,-0.00285
0.53,-0.00371
0.54,-0.00308
0.55,-0.00272
0.56,-0.00511
0.57,-0.00451
0.58,-0.0038
0.59,-0.00553
0.6,-0.00334
0.61,-0.0043
0.62,-0.00913
0.63,-0.00681
0.64,-0.00502
0.65,-0.0056
0.66,-0.00518
0.67,-0.01032
0.68,-0.00938
0.69,-0.0042
0.7,-0.00792
0.71,-0.00771
0.72,-0.00724
0.73,-0.01082
0.74,-0.00648
0.75,-0.00584
0.76,-0.0106
0.77,-0.00989
0.78,-0.00948
0.79,-0.00772
0.8,-0.00666
0.81,-0.01238
0.82,-0.01115
0.83,-0.00597
0.84,-0.0109
0.85,-0.01097
0.86,-0.00654
0.87,-0.01161
0.88,-0.01192
0.89,-0.00317
0.9,0.00116
0.91,0.00028
0.92,-0.00291
0.93,0.0004
0.94,0.00138
0.95,-0.00644
0.96,0.00071
0.97,0.00485
0.98,-0.00533
0.99,0.00009
1,0.00385
1.01,-0.00502
1.02,-0.00115
1.03,0.00186
1.04,-0.00086
1.05,0.002
1.06,-0.00309
1.07,-0.00519
1.08,0.00332
1.09,0.00352
1.1,-0.0008
1.11,-0.00301
1.12,-0.00285
1.13,0.00254
1.14,0.00333
1.15,-0.00238
1.16,-0.00131
1.17,0.00568
1.18,0.00558
1.19,0.00091
1.2,0.00119
1.21,0.00683
1.22,0.01084
1.23,0.00091
1.24,-0.00524
1.25,0.01767
1.26,0.03804
1.27,0.02395
1.28,-0.00094
1.29,-0.00074
1.3,0.00094
1.31,-0.0481
1.32,-0.06399
1.33,0.03474
1.34,0.07649
1.35,-0.00328
1.36,0.02453
1.37,0.12741
1.38,0.03352
1.39,-0.12622
1.4,-0.04171
1.41,0.10714
1.42,0.03821
1.43,-0.02427
1.44,0.0316
1.45,-0.04749
1.46,-0.08948
1.47,0.07669
1.48,0.08607
1.49,-0.0337
1.5,0.03436
1.51,0.1286
1.52,0.06766
1.53,-0.01662
1.54,-0.01962
1.55,-0.15023
1.56,-0.37383
1.57,-0.06064
1.58,0.49041
1.59,0.18552
1.6,-0.38007
1.61,-0.07537
1.62,0.22903
1.63,-0.08607
1.64,-0.13203
1.65,-0.07061
1.66,-0.07428
1.67,0.4305
1.68,0.35173
1.69,-0.3999
1.7,-0.21415
1.71,0.03026
1.72,-0.30913
1.73,-0.01895
1.74,0.40745
1.75,0.45845
1.76,0.34547
1.77,-0.19441
1.78,-0.34928
1.79,-0.18707
1.8,-0.63644
1.81,-0.59098
1.82,0.18913
1.83,0.59954
1.84,0.85989
1.85,0.76277
1.86,-0.1699
1.87,-0.92112
1.88,-0.5512
1.89,0.17594
1.9,0.04177
1.91,-0.17123
1.92,0.25227
1.93,0.18505
1.94,-0.08434
1.95,-0.07009
1.96,-0.43239
1.97,-0.3052
1.98,0.2111
1.99,0.07179
2,0.3775
2.01,0.8103
2.02,0.11943
2.03,-0.51661
2.04,-0.64545
2.05,-0.56349
2.06,0.09799
2.07,0.45516
2.08,0.18373
2.09,0.18919
2.1,0.22916
2.11,-0.03797
2.12,-0.13176
2.13,0.02574
2.14,0.05293
2.15,-0.15357
2.16,-0.41049
2.17,-0.27672
2.18,0.38181
2.19,0.66914
2.2,0.42622
2.21,0.18951
2.22,-0.25839
2.23,-0.38625
2.24,-0.16646
2.25,-0.44677
2.26,-0.2811
2.27,0.36759
2.28,0.13822
2.29,-0.14694
2.3,0.11072
2.31,0.10907
2.32,0.11308
2.33,0.0136
2.34,-0.38622
2.35,-0.20883
2.36,0.09754
2.37,0.08451
2.38,0.36047
2.39,0.21516
2.4,-0.48883
2.41,-0.49157
2.42,0.03856
2.43,0.20622
2.44,0.12699
2.45,0.28712
2.46,0.34123
2.47,-0.18923
2.48,-0.24551
2.49,0.33931
2.5,0.13288
2.51,-0.11249
2.52,0.22675
2.53,-0.0375
2.54,-0.29075
2.55,-0.22145
2.56,-0.51088
2.57,-0.20191
2.58,0.35946
2.59,0.02338
2.6,-0.07388
2.61,0.38398
2.62,0.12497
2.63,-0.29967
2.64,0.13625
2.65,0.2882
2.66,-0.02978
2.67,0.35125
2.68,0.16939
2.69,-0.75151
2.7,-0.36768
2.71,0.26671
2.72,-0.04948
2.73,0.07022
2.74,0.52941
2.75,0.23686
2.76,-0.33903
2.77,-0.44792
2.78,-0.38181
2.79,-0.17483
2.8,0.36534
2.81,0.50373
2.82,0.30968
2.83,0.15491
2.84,-0.38077
2.85,-0.5736
2.86,-0.01714
2.87,0.28059
2.88,0.21473
2.89,0.20102
2.9,0.02734
2.91,-0.19134
2.92,-0.17862
2.93,-0.14033
2.94,0.02426
2.95,0.22044
2.96,0.15479
2.97,0.11276
2.98,-0.08185
2.99,-0.2282
3,-0.05733
3.01,-0.29011
3.02,-0.19788
3.03,0.42867
3.04,0.18841
3.05,-0.01749
3.06,0.29906
3.07,-0.17964
3.08,-0.7435
3.09,-0.48996
3.1,0.11056
3.11,0.44845
3.12,0.24953
3.13,0.34858
3.14,0.42671
3.15,-0.38927
3.16,-0.39839
3.17,0.4686
3.18,0.04254
3.19,-0.71175
3.2,-0.29822
3.21,0.10688
3.22,0.00933
3.23,0.2791
3.24,0.5907
3.25,0.01265
3.26,-0.49418
3.27,-0.1024
3.28,-0.24907
3.29,-0.63576
3.3,-0.11775
3.31,-0.2667
3.32,-0.74537
3.33,-0.09682
3.34,-0.21758
3.35,-1.20231
3.36,-0.95777
3.37,-0.7847
3.38,-2.03398
3.39,-2.56257
3.4,-1.06077
3.41,1.18368
3.42,2.71545
3.43,2.74609
3.44,2.14047
3.45,1.64993
3.46,0.03498
3.47,-2.13362
3.48,-3.24702
3.49,-3.42495
3.5,-2.10823
3.51,0.34621
3.52,1.08938
3.53,-0.49845
3.54,-1.89358
3.55,-2.96114
3.56,-4.69572
3.57,-3.923
3.58,-0.10963
3.59,2.82984
3.6,5.58469
3.61,8.07609
3.62,6.55893
3.63,2.89888
3.64,-0.4758
3.65,-3.9188
3.66,-2.95593
3.67,2.85375
3.68,5.3414
3.69,3.90069
3.7,2.97293
3.71,1.11675
3.72,-0.24091
3.73,1.27837
3.74,2.25379
3.75,2.43337
3.76,2.89149
3.77,0.75042
3.78,-2.99351
3.79,-4.13219
3.8,-3.00904
3.81,-1.99581
3.82,-0.28633
3.83,2.56941
3.84,2.49489
3.85,-2.20254
3.86,-4.57822
3.87,-0.7823
3.88,1.73338
3.89,-0.55513
3.9,-2.15788
3.91,-1.48967
3.92,-0.63777
3.93,-0.55308
3.94,-1.10891
3.95,-1.2025
3.96,-1.59969
3.97,-0.5356
3.98,3.64259
3.99,4.08278
4,0.07119
4.01,-1.42777
4.02,-2.2597
4.03,-3.38119
4.04,-1.44157
4.05,0.59959
4.06,0.93837
4.07,0.8745
4.08,0.56732
4.09,0.40986
4.1,-0.49414
4.11,-1.25717
4.12,-1.63199
4.13,-2.59248
4.14,0.19855
4.15,4.57013
4.16,3.24101
4.17,0.05087
4.18,-1.69379
4.19,-3.53948
4.2,-3.05588
4.21,-0.84687
4.22,1.28855
4.23,3.26075
4.24,2.19339
4.25,-0.42167
4.26,-0.78995
4.27,-0.22714
4.28,0.33578
4.29,0.33433
4.3,-0.81667
4.31,-0.76118
4.32,0.49732
4.33,0.44784
4.34,-0.14005
4.35,1.34308
4.36,3.27121
4.37,2.57008
4.38,1.75841
4.39,1.17802
4.4,-1.76946
4.41,-2.76856
4.42,-0.48775
4.43,0.03453
4.44,-0.64145
4.45,-0.36338
4.46,-0.91084
4.47,-2.14781
4.48,-1.42033
4.49,0.44418
4.5,0.52084
4.51,-0.59332
4.52,-1.54457
4.53,-1.80915
4.54,-0.75554
4.55,0.24359
4.56,0.88858
4.57,1.86444
4.58,2.09907
4.59,2.10122
4.6,1.26467
4.61,-1.26708
4.62,-1.50885
4.63,-0.26395
4.64,-1.2109
4.65,-1.06416
4.66,0.01663
4.67,0.02425
4.68,0.49613
4.69,-1.0521
4.7,-1.95033
4.71,0.78015
4.72,0.16433
4.73,-1.23114
4.74,1.44496
4.75,1.85515
4.76,0.85713
4.77,1.69108
4.78,1.61947
4.79,1.14043
4.8,0.52126
4.81,0.0136
4.82,0.09206
4.83,-0.91871
4.84,-1.04428
4.85,0.49572
4.86,0.67293
4.87,0.07386
4.88,0.89587
4.89,1.92037
4.9,0.76502
4.91,-0.05979
4.92,1.55828
4.93,0.69297
4.94,-1.04561
4.95,1.3209
4.96,1.52018
4.97,-0.75713
4.98,0.19321
4.99,0.52099
5,0.16209
5.01,0.44399
5.02,-1.49043
5.03,-2.08331
5.04,-1.22921
5.05,-1.11027
5.06,0.80894
5.07,1.65971
5.08,0.19692
5.09,-0.48607
5.1,-1.14218
5.11,-1.42462
5.12,-1.23433
5.13,-1.54842
5.14,-0.78176
5.15,-0.11121
5.16,-1.09289
5.17,-1.61566
5.18,-1.68394
5.19,-2.53354
5.2,-2.92576
5.21,-1.97532
5.22,-0.12554
5.23,1.90634
5.24,2.9139
5.25,1.81075
5.26,-0.52636
5.27,-1.49507
5.28,-1.08807
5.29,-0.66214
5.3,0.78717
5.31,1.74339
5.32,0.40731
5.33,0.06265
5.34,1.6444
5.35,2.55821
5.36,1.88956
5.37,0.50612
5.38,0.16583
5.39,0.42081
5.4,0.58258
5.41,1.05461
5.42,0.63688
5.43,0.56142
5.44,1.47259
5.45,0.9651
5.46,-0.01821
5.47,-0.87698
5.48,-1.74346
5.49,-1.13114
5.5,-0.88079
5.51,-0.76442
5.52,1.0903
5.53,0.69344
5.54,-1.70062
5.55,-0.88638
5.56,0.61588
5.57,-0.59135
5.58,-1.69599
5.59,-1.41689
5.6,-0.95633
5.61,-0.61845
5.62,0.0971
5.63,1.26229
5.64,0.94615
5.65,-0.37081
5.66,0.28758
5.67,1.06406
5.68,0.19887
5.69,0.21028
5.7,0.41662
5.71,-0.40552
5.72,-0.32211
5.73,0.33691
5.74,0.94837
5.75,1.37534
5.76,0.33756
5.77,-0.24788
5.78,0.25522
5.79,-0.31975
5.8,-0.45164
5.81,0.13134
5.82,-0.28842
5.83,-0.5034
5.84,-0.19489
5.85,-0.35223
5.86,-0.40177
5.87,0.29446
5.88,0.37362
5.89,-0.6802
5.9,-0.59966
5.91,0.48862
5.92,0.34542
5.93,-0.53462
5.94,-0.50337
5.95,0.04907
5.96,0.12545
5.97,0.21513
5.98,0.12135
5.99,0.17593
6,1.16539
6.01,0.6664
6.02,-0.68753
6.03,-0.46787
6.04,-1.41885
6.05,-2.25997
6.06,0.07727
6.07,1.2969
6.08,0.86805
6.09,1.66126
6.1,0.93594
6.11,-0.98222
6.12,-1.05602
6.13,-0.56558
6.14,-0.08106
6.15,0.23622
6.16,-0.75422
6.17,-1.10467
6.18,0.03264
6.19,0.34247
6.2,0.32768
6.21,0.96323
6.22,0.27753
6.23,-1.05067
6.24,-0.50379
6.25,0.33387
6.26,-0.17128
6.27,0.31622
6.28,1.58034
6.29,0.52823
6.3,-0.72396
6.31,0.06843
6.32,-0.16767
6.33,-0.90109
6.34,0.25879
6.35,0.48369
6.36,-0.45296
6.37,0.16124
6.38,0.49407
6.39,0.16475
6.4,0.84971
6.41,0.15816
6.42,-1.48964
6.43,-1.48151
6.44,-1.19869
6.45,0.19611
6.46,2.26768
6.47,1.00136
6.48,-0.52009
6.49,0.29966
6.5,-0.31103
6.51,-0.87247
6.52,0.43181
6.53,0.45284
6.54,-0.39762
6.55,-0.54012
6.56,-0.03936
6.57,0.57285
6.58,-0.63557
6.59,-1.36646
6.6,0.27171
6.61,0.33798
6.62,-0.28691
6.63,0.58659
6.64,0.59518
6.65,0.44475
6.66,0.30544
6.67,-0.24992
6.68,0.7366
6.69,0.79409
6.7,-0.29393
6.71,0.4849
6.72,-0.02853
6.73,-1.28949
6.74,-0.16866
6.75,-0.00602
6.76,0.15588
6.77,1.25608
6.78,-0.12552
6.79,-0.32534
6.8,0.87339
6.81,-0.50348
6.82,-0.17609
6.83,1.40376
6.84,0.03808
6.85,-0.72323
6.86,-0.2512
6.87,-0.6855
6.88,-0.24802
6.89,0.07972
6.9,-0.96593
6.91,-0.55217
6.92,0.32104
6.93,-0.92191
6.94,-0.89355
6.95,0.67679
6.96,-0.33855
6.97,-1.11422
6.98,0.67588
6.99,0.91437
7,0.06069
7.01,0.33959
7.02,0.06691
7.03,-0.16806
7.04,0.35932
7.05,0.82381
7.06,1.60948
7.07,1.01967
7.08,-0.85638
7.09,-0.98201
7.1,-0.80358
7.11,-1.17972
7.12,-0.12712
7.13,0.74468
7.14,0.24098
7.15,0.13456
7.16,1.08018
7.17,1.2856
7.18,-0.30074
7.19,-0.9389
7.2,-0.3024
7.21,-0.40948
7.22,0.56383
7.23,1.6362
7.24,0.34264
7.25,-0.44186
7.26,-0.24616
7.27,-0.94111
7.28,-0.87292
7.29,-0.22906
7.3,-0.33023
7.31,0.22545
7.32,0.26193
7.33,-0.86839
7.34,0.05996
7.35,1.07702
7.36,-0.4459
7.37,-0.80288
7.38,0.26128
7.39,0.45932
7.4,0.68217
7.41,0.36208
7.42,-0.8461
7.43,-1.39061
7.44,-0.83835
7.45,0.46349
7.46,1.38558
7.47,0.85433
7.48,-0.54842
7.49,-0.48553
7.5,0.71243
7.51,-0.41513
7.52,-1.19071
7.53,0.50892
7.54,-0.29167
7.55,-1.18737
7.56,1.15723
7.57,0.89813
7.58,-0.86736
7.59,0.40867
7.6,1.21755
7.61,0.66875
7.62,0.16155
7.63,-1.04696
7.64,-1.10797
7.65,-0.20414
7.66,0.26034
7.67,0.95921
7.68,0.42935
7.69,-0.03473
7.7,1.20335
7.71,0.4291
7.72,-0.88171
7.73,0.32772
7.74,-0.14599
7.75,-1.70303
7.76,-0.2477
7.77,0.53073
7.78,-0.36166
7.79,0.60994
7.8,0.66852
7.81,-0.56642
7.82,0.45722
7.83,0.98864
7.84,-0.29136
7.85,-0.65872
7.86,-0.41691
7.87,-0.12879
7.88,0.33419
7.89,0.41871
7.9,0.0051
7.91,-0.43458
7.92,-0.44337
7.93,-0.67112
7.94,-0.75736
7.95,-0.08775
7.96,-0.01798
7.97,-0.00053
7.98,0.84193
7.99,0.94408
8,0.47268
8.01,0.54754
8.02,0.27805
8.03,-0.6937
8.04,-0.72444
8.05,0.34836
8.06,0.61096
8.07,0.10456
8.08,-0.0907
8.09,0.12299
8.1,0.45353
8.11,0.01987
8.12,-0.42714
8.13,-0.09748
8.14,-0.41657
8.15,-0.51533
8.16,0.2915
8.17,0.03603
8.18,-0.16317
8.19,0.53186
8.2,0.19518
8.21,-0.10734
8.22,0.17397
8.23,-0.29384
8.24,-0.20592
8.25,0.03476
8.26,-0.46664
8.27,-0.04968
8.28,-0.2254
8.29,-1.05124
8.3,0.17364
8.31,0.88762
8.32,-0.11807
8.33,-0.13883
8.34,0.20002
8.35,0.06646
8.36,0.20012
8.37,0.33931
8.38,0.1715
8.39,-0.03784
8.4,0.41069
8.41,0.82769
8.42,0.37244
8.43,0.38234
8.44,0.30794
8.45,-0.51605
8.46,-0.15501
8.47,-0.15332
8.48,-1.32694
8.49,-0.70935
8.5,-0.41736
8.51,-1.44322
8.52,-0.31227
8.53,0.23818
8.54,-0.89187
8.55,0.06204
8.56,0.57215
8.57,-0.35707
8.58,0.24669
8.59,0.50792
8.6,0.15751
8.61,0.90081
8.62,0.87488
8.63,-0.10984
8.64,-0.32982
8.65,0.04958
8.66,0.19017
8.67,0.13226
8.68,0.26395
8.69,0.05094
8.7,-0.44742
8.71,-0.23026
8.72,0.42127
8.73,0.63972
8.74,0.224
8.75,-0.08922
8.76,0.05776
8.77,-0.30787
8.78,-0.6935
8.79,-0.18226
8.8,-0.07908
8.81,-0.35829
8.82,0.41892
8.83,0.93398
8.84,0.10469
8.85,-0.32576
8.86,-0.12514
8.87,-0.18145
8.88,0.07098
8.89,0.3894
8.9,-0.22398
8.91,-1.2373
8.92,-0.8391
8.93,0.51422
8.94,0.4665
8.95,0.19042
8.96,0.70373
8.97,0.32748
8.98,0.14772
8.99,0.23439
9,-0.75088
9.01,-0.50971
9.02,0.68759
9.03,0.49318
9.04,0.24487
9.05,0.12992
9.06,-0.2866
9.07,0.24613
9.08,0.44849
9.09,-0.19114
9.1,-0.06941
9.11,-0.23238
9.12,-0.7634
9.13,-0.04653
9.14,0.46356
9.15,-0.14578
9.16,-0.48418
9.17,-0.4225
9.18,0.06859
9.19,0.77444
9.2,0.46644
9.21,-0.3807
9.22,-0.61898
9.23,-0.21183
9.24,0.05806
9.25,-0.41723
9.26,-0.24985
9.27,0.6071
9.28,0.09561
9.29,-0.77276
9.3,-0.63947
9.31,-0.29257
9.32,0.49207
9.33,1.03165
9.34,0.40363
9.35,0.06739
9.36,0.18861
9.37,-0.1079
9.38,-0.42775
9.39,-0.61035
9.4,-0.1994
9.41,0.55761
9.42,0.21468
9.43,-0.44516
9.44,-0.26371
9.45,-0.04509
9.46,-0.16392
9.47,-0.45857
9.48,-0.31097
9.49,0.31063
9.5,-0.00319
9.51,-0.36465
9.52,0.41168
9.53,0.69106
9.54,0.29353
9.55,0.12538
9.56,-0.10428
9.57,-0.10902
9.58,0.14595
9.59,-0.02195
9.6,-0.27452
9.61,0.14858
9.62,0.61227
9.63,0.15999
9.64,-0.19118
9.65,0.32105
9.66,0.27384
9.67,-0.4304
9.68,-0.48472
9.69,-0.30418
9.7,-0.2056
9.71,0.10781
9.72,0.09674
9.73,0.03852
9.74,0.01285
9.75,-0.18965
9.76,0.37853
9.77,0.67721
9.78,-0.01062
9.79,0.30292
9.8,0.67748
9.81,-0.24468
9.82,-0.73241
9.83,-0.76203
9.84,-0.63264
9.85,0.14492
9.86,0.44739
9.87,0.37607
9.88,0.4667
9.89,0.14575
9.9,-0.12376
9.91,-0.09262
9.92,0.17119
9.93,0.4182
9.94,0.01416
9.95,0.07125
9.96,0.64725
9.97,0.12802
9.98,-0.49757
9.99,-0.42514
10,-0.56756
10.01,-0.49553
10.02,-0.12916
10.03,0.04565
10.04,0.09615
10.05,-0.0726
10.06,0.14811
10.07,0.05741
10.08,-0.75506
10.09,0.12301
10.1,0.97968
10.11,-0.4808
10.12,-0.57876
10.13,0.56814
10.14,0.21878
10.15,0.1128
10.16,0.13872
10.17,-0.21093
10.18,0.23093
10.19,0.22553
10.2,0.00323
10.21,-0.09607
10.22,-0.82434
10.23,-0.38957
10.24,0.29489
10.25,-0.11785
10.26,0.11868
10.27,-0.0599
10.28,-0.33407
10.29,0.4551
10.3,-0.45521
10.31,-1.12804
10.32,0.52333
10.33,0.38123
10.34,-0.07848
10.35,1.40566
10.36,0.63926
10.37,-0.8903
10.38,0.1058
10.39,0.74084
10.4,0.49198
10.41,0.46097
10.42,0.19377
10.43,0.36316
10.44,0.28702
10.45,-0.14733
10.46,-0.0052
10.47,-0.55329
10.48,-0.93752
10.49,-0.08031
10.5,-0.00898
10.51,-0.2767
10.52,0.02487
10.53,-0.04627
10.54,0.23479
10.55,0.35912
10.56,-0.67653
10.57,-0.74706
10.58,0.22822
10.59,0.04246
10.6,-0.33234
10.61,0.16883
10.62,0.03188
10.63,-0.81453
10.64,-0.79406
10.65,-0.11143
10.66,0.24269
10.67,0.53136
10.68,0.42529
10.69,-0.07123
10.7,0.07327
10.71,-0.2197
10.72,-0.8156
10.73,0.0305
10.74,0.49113
10.75,0.02787
10.76,0.26081
10.77,-0.00922
10.78,-0.19246
10.79,0.72584
10.8,0.54499
10.81,-0.04058
10.82,0.34434
10.83,0.2118
10.84,-0.17037
10.85,-0.00276
10.86,0.16847
10.87,0.09706
10.88,-0.26104
10.89,-0.66983
10.9,-0.99142
10.91,-0.87038
10.92,0.16904
10.93,0.99044
10.94,0.70585
10.95,0.61024
10.96,0.8959
10.97,0.25549
10.98,-0.27423
10.99,0.1069
11,-0.22169
11.01,-0.80173
11.02,-0.31039
11.03,0.24831
11.04,0.16483
11.05,-0.07308
11.06,-0.07956
11.07,-0.04766
11.08,-0.12124
11.09,0.10231
11.1,0.16775
11.11,0.08632
11.12,0.48337
11.13,0.05823
11.14,-0.72266
11.15,-0.17625
11.16,0.08993
11.17,-0.15025
11.18,0.19052
11.19,-0.01472
11.2,-0.37908
11.21,-0.22682
11.22,-0.38079
11.23,-0.27176
11.24,0.2187
11.25,0.27433
11.26,0.27145
11.27,0.17142
11.28,-0.15708
11.29,-0.04467
11.3,-0.0192
11.31,-0.45847
11.32,-0.33823
11.33,0.08757
11.34,0.01253
11.35,-0.04829
11.36,0.22836
11.37,0.54773
11.38,0.31461
11.39,-0.28382
11.4,-0.10055
11.41,0.0695
11.42,-0.33398
11.43,-0.06596
11.44,0.22688
11.45,0.37193
11.46,0.83181
11.47,0.13717
11.48,-0.64437
11.49,-0.22292
11.5,-0.44449
11.51,-0.51086
11.52,0.67617
11.53,0.92792
11.54,0.34498
11.55,0.07143
11.56,-0.49391
11.57,-0.3628
11.58,0.3708
11.59,-0.08495
11.6,-0.44225
11.61,0.25511
11.62,0.44204
11.63,-0.10134
11.64,-0.41767
11.65,-0.00459
11.66,0.43234
11.67,0.15588
11.68,-0.01733
11.69,-0.06601
11.7,-0.44265
11.71,-0.36412
11.72,-0.00318
11.73,0.07362
11.74,0.18571
11.75,0.15141
11.76,0.05035
11.77,0.04804
11.78,-0.30188
11.79,-0.31476
11.8,0.14004
11.81,-0.12949
11.82,-0.3974
11.83,0.15365
11.84,0.34912
11.85,0.05141
11.86,0.02852
11.87,-0.06156
11.88,-0.29498
11.89,-0.25154
11.9,-0.27588
11.91,-0.39128
11.92,0.0174
11.93,0.52276
11.94,0.26598
11.95,-0.27596
11.96,-0.38805
11.97,-0.12231
11.98,0.24519
11.99,-0.05823
12,-0.4951
12.01,0.26258
12.02,0.64786
12.03,-0.02039
12.04,0.13428
12.05,0.39577
12.06,-0.13961
12.07,-0.0477
12.08,0.48145
12.09,0.30913
12.1,-0.1087
12.11,-0.12675
12.12,0.20644
12.13,0.38591
12.14,0.11221
12.15,0.02835
12.16,-0.07745
12.17,-0.64762
12.18,-0.24019
12.19,0.60116
12.2,0.1419
12.21,0.13024
12.22,0.7123
12.23,0.1742
12.24,0.00365
12.25,-0.13345
12.26,-1.21909
12.27,-0.67218
12.28,0.58697
12.29,0.22051
12.3,-0.1106
12.31,-0.17782
12.32,-0.45634
12.33,-0.03918
12.34,0.24885
12.35,-0.28573
12.36,-0.68413
12.37,-0.47192
12.38,-0.24006
12.39,0.05477
12.4,0.60332
12.41,0.601
12.42,0.61069
12.43,0.56598
12.44,-0.50455
12.45,-0.55724
12.46,0.07183
12.47,-0.65854
12.48,-0.36418
12.49,0.70824
12.5,0.06505
12.51,-0.21333
12.52,0.56392
12.53,0.18466
12.54,-0.75838
12.55,-0.36983
12.56,0.67776
12.57,0.57684
12.58,0.0514
12.59,0.21356
12.6,0.08648
12.61,-0.24916
12.62,-0.20612
12.63,-0.13807
12.64,0.26756
12.65,0.52684
12.66,-0.08475
12.67,-0.51598
12.68,-0.27823
12.69,-0.22802
12.7,-0.31708
12.71,0.08094
12.72,0.232
12.73,0.00443
12.74,0.32242
12.75,0.15186
12.76,-0.47815
12.77,-0.04945
12.78,0.30206
12.79,0.30181
12.8,0.65836
12.81,-0.04053
12.82,-1.10771
12.83,-0.73379
12.84,0.09355
12.85,0.27492
12.86,-0.02391
12.87,-0.06266
12.88,0.29751
12.89,0.08106
12.9,-0.20285
12.91,0.15292
12.92,0.03196
12.93,-0.25081
12.94,0.14091
12.95,0.13947
12.96,-0.11311
12.97,0.11242
12.98,-0.13979
12.99,-0.52692
13,-0.1802
13.01,-0.07408
13.02,-0.03952
13.03,0.35199
13.04,0.1728
13.05,0.23524
13.06,0.58317
13.07,-0.03768
13.08,-0.11189
13.09,0.3039
13.1,-0.21285
13.11,-0.01861
13.12,0.40775
13.13,-0.16473
13.14,0.10358
13.15,0.57432
13.16,-0.08413
13.17,-0.61005
13.18,-0.61415
13.19,-0.30832
13.2,-0.22399
13.21,-0.46769
13.22,-0.06062
13.23,0.1878
13.24,0.11651
13.25,0.53961
13.26,0.30534
13.27,-0.06609
13.28,0.3035
13.29,0.1777
13.3,-0.19553
13.31,-0.23824
13.32,0.24593
13.33,1.04805
13.34,0.34165
13.35,-0.61978
13.36,0.1364
13.37,0.08699
13.38,-0.62867
13.39,0.29519
13.4,0.6111
13.41,-0.06172
13.42,0.1595
13.43,-0.23007
13.44,-0.67117
13.45,0.15577
13.46,0.14913
13.47,-0.28872
13.48,-0.05327
13.49,-0.08254
13.5,0.24016
13.51,0.43953
13.52,-0.24133
13.53,-0.45004
13.54,-0.41859
13.55,-0.29768
13.56,0.22107
13.57,-0.08689
13.58,-0.4415
13.59,0.03567
13.6,0.21159
13.61,0.37269
13.62,0.55118
13.63,0.16187
13.64,0.06737
13.65,0.14106
13.66,-0.04256
13.67,0.15749
13.68,0.14551
13.69,-0.36953
13.7,-0.36029
13.71,-0.06399
13.72,-0.18704
13.73,-0.37178
13.74,-0.1957
13.75,-0.11093
13.76,-0.51157
13.77,-0.61014
13.78,-0.12019
13.79,0.40561
13.8,0.83114
13.81,0.79422
13.82,0.43673
13.83,0.14986
13.84,-0.45089
13.85,-0.65748
13.86,-0.19218
13.87,-0.36162
13.88,-0.55848
13.89,0.03372
13.9,0.50626
13.91,0.69699
13.92,0.23213
13.93,-0.49556
13.94,-0.07074
13.95,0.13856
13.96,-0.24357
13.97,0.29966
13.98,0.41511
13.99,-0.07091
14,0.19075
14.01,0.20638
14.02,0.00252
14.03,0.03746
14.04,-0.279
14.05,-0.1325
14.06,0.29357
14.07,-0.08728
14.08,-0.35555
14.09,-0.03734
14.1,0.20085
14.11,0.21163
14.12,0.15958
14.13,0.44149
14.14,0.56795
14.15,-0.00162
14.16,-0.2814
14.17,-0.34879
14.18,-0.62346
14.19,-0.30887
14.2,-0.13279
14.21,-0.29999
14.22,0.43691
14.23,0.82475
14.24,-0.00555
14.25,-0.42607
14.26,-0.24788
14.27,-0.19701
14.28,-0.40296
14.29,-0.48358
14.3,0.3103
14.31,0.72558
14.32,0.02804
14.33,-0.08419
14.34,0.02265
14.35,-0.21971
14.36,0.04647
14.37,-0.01599
14.38,0.00487
14.39,0.78649
14.4,0.40802
14.41,-0.49528
14.42,-0.47764
14.43,-0.56248
14.44,-0.24705
14.45,0.35419
14.46,0.30325
14.47,0.62495
14.48,0.44683
14.49,-0.50228
14.5,-0.47226
14.51,-0.54673
14.52,-0.5945
14.53,0.39463
14.54,0.37249
14.55,-0.15882
14.56,0.26349
14.57,0.17245
14.58,-0.26562
14.59,-0.05901
14.6,0.12752
14.61,0.09205
14.62,0.16416
14.63,0.0943
14.64,-0.241
14.65,-0.23126
14.66,-0.02198
14.67,-0.09529
14.68,0.04059
14.69,0.10064
14.7,-0.21701
14.71,-0.16348
14.72,0.08496
14.73,-0.03294
14.74,-0.06291
14.75,0.34214
14.76,0.33179
14.77,-0.10874
14.78,0.09413
14.79,0.02068
14.8,-0.6023
14.81,-0.26357
14.82,0.04147
14.83,-0.25979
14.84,0.06776
14.85,0.29093
14.86,0.2844
14.87,0.52304
14.88,0.16236
14.89,-0.02268
14.9,0.26803
14.91,-0.08612
14.92,-0.37125
14.93,-0.17321
14.94,-0.00666
14.95,0.1003
14.96,0.01208
14.97,0.15332
14.98,0.21529
14.99,-0.28506
15,-0.17794
15.01,0.17462
15.02,0.07932
15.03,0.42978
15.04,0.51615
15.05,0.21685
15.06,0.31155
15.07,-0.24029
15.08,-0.87503
15.09,-0.41085
15.1,0.13779
15.11,0.30792
15.12,0.23039
15.13,-0.13859
15.14,-0.4489
15.15,-0.45676
15.16,-0.00951
15.17,0.39316
15.18,0.26389
15.19,0.27684
15.2,0.51559
15.21,0.47992
15.22,0.38906
15.23,0.17666
15.24,-0.13019
15.25,-0.10051
15.26,0.04855
15.27,0.06646
15.28,-0.22007
15.29,-0.58035
15.3,-0.25264
15.31,0.08117
15.32,-0.18208
15.33,-0.0198
15.34,0.15082
15.35,-0.35568
15.36,-0.17466
15.37,0.28505
15.38,-0.39855
15.39,-0.67585
15.4,0.1784
15.41,0.46254
15.42,0.13251
15.43,0.03354
15.44,-0.15701
15.45,-0.39308
15.46,-0.21695
15.47,0.0283
15.48,0.0273
15.49,-0.23409
15.5,-0.45205
15.51,-0.08076
15.52,0.17299
15.53,0.01839
15.54,0.04418
15.55,-0.27286
15.56,-0.3537
15.57,0.19693
15.58,0.02838
15.59,-0.0731
15.6,0.39099
15.61,0.13371
15.62,-0.00213
15.63,0.17196
15.64,-0.22109
15.65,0.01365
15.66,0.59496
15.67,0.36301
15.68,0.23031
15.69,0.15425
15.7,-0.17743
15.71,-0.0327
15.72,0.18511
15.73,0.1042
15.74,0.03367
15.75,-0.20115
15.76,-0.43605
15.77,-0.1794
15.78,0.16147
15.79,-0.01589
15.8,-0.01855
15.81,0.47729
15.82,0.32893
15.83,-0.24221
15.84,-0.08041
15.85,0.2763
15.86,0.17469
15.87,0.12637
15.88,0.22543
15.89,-0.07139
15.9,-0.44157
15.91,-0.30579
15.92,-0.09384
15.93,-0.07923
15.94,-0.03224
15.95,-0.03037
15.96,-0.25825
15.97,-0.4008
15.98,-0.01346
15.99,0.2497
16,-0.07123
16.01,-0.19162
16.02,-0.16467
16.03,-0.19367
16.04,0.44261
16.05,0.89339
16.06,0.29445
16.07,-0.08823
16.08,-0.24997
16.09,-0.69727
16.1,-0.52757
16.11,-0.14337
16.12,-0.09867
16.13,0.05226
16.14,-0.12652
16.15,-0.49948
16.16,-0.09992
16.17,0.35055
16.18,0.05599
16.19,0.04888
16.2,0.10562
16.21,-0.43136
16.22,-0.16323
16.23,0.46774
16.24,0.14987
16.25,-0.17261
16.26,-0.15994
16.27,0.23671
16.28,0.6428
16.29,0.12192
16.3,0.14386
16.31,0.77009
16.32,0.30626
16.33,-0.07972
16.34,-0.11805
16.35,-0.71287
16.36,-0.67858
16.37,-0.01495
16.38,0.29609
16.39,0.57941
16.4,0.72664
16.41,0.44573
16.42,-0.04922
16.43,-0.66024
16.44,-0.68018
16.45,0.20088
16.46,0.83459
16.47,0.66141
16.48,0.37276
16.49,0.37269
16.5,0.04159
16.51,-0.78106
16.52,-1.03812
16.53,-0.73567
16.54,-0.29643
16.55,0.57131
16.56,0.92288
16.57,0.42549
16.58,0.22297
16.59,0.03632
16.6,-0.42684
16.61,-0.41944
16.62,-0.28712
16.63,-0.30597
16.64,-0.06662
16.65,-0.03372
16.66,-0.15294
16.67,0.14516
16.68,0.30709
16.69,0.05169
16.7,-0.35326
16.71,-0.67482
16.72,-0.45321
16.73,-0.08385
16.74,0.14271
16.75,0.68061
16.76,0.69886
16.77,-0.05912
16.78,-0.3422
16.79,-0.23756
16.8,-0.02375
16.81,0.21264
16.82,-0.07114
16.83,-0.15666
16.84,-0.14097
16.85,-0.34565
16.86,0.26116
16.87,0.49432
16.88,0.00676
16.89,0.39262
16.9,0.28661
16.91,-0.41696
16.92,-0.09398
16.93,-0.142
16.94,-0.57687
16.95,-0.0993
16.96,0.02365
16.97,-0.22476
16.98,0.26862
16.99,0.53329
17,0.07087
17.01,-0.15278
17.02,0.09166
17.03,0.15625
17.04,-0.14269
17.05,-0.2874
17.06,-0.13372
17.07,0.12586
17.08,0.37035
17.09,0.27209
17.1,-0.11513
17.11,-0.32799
17.12,-0.22825
17.13,0.0015
17.14,0.10625
17.15,0.06518
17.16,0.03172
17.17,-0.00063
17.18,-0.00231
17.19,0.10547
17.2,0.1031
17.21,-0.0666
17.22,-0.00568
17.23,0.2129
17.24,0.14974
17.25,-0.03959
17.26,-0.07214
17.27,-0.03968
17.28,-0.02677
17.29,-0.01092
17.3,-0.00131
17.31,-0.04858
17.32,-0.07517
17.33,0.02053
17.34,0.069
17.35,0.00614
17.36,0.00468
17.37,0.01546
17.38,-0.03159
17.39,-0.02907
17.4,0.00683
17.41,0.01124
17.42,0.00726
17.43,0.00285
17.44,0.00144
17.45,0.00591
17.46,0.00052
17.47,-0.00557
17.48,-0.00009
17.49,0.00385
17.5,-0.00002
17.51,-0.00274
17.52,-0.00126
17.53,-0.00065
17.54,-0.00241
17.55,-0.00321
17.56,-0.00228
17.57,-0.0019
17.58,-0.00236
17.59,-0.00258
17.6,-0.00269
17.61,-0.00288
17.62,-0.00307
17.63,-0.00342
17.64,-0.00372
17.65,-0.00384
17.66,-0.00393
17.67,-0.00405
17.68,-0.00416
17.69,-0.00427
17.7,-0.00436
17.71,-0.00445
17.72,-0.00452
17.73,-0.00458
17.74,-0.00464
17.75,-0.00469
17.76,-0.00473
